Order Date,Customer ID,Region,Channel,Units Sold,Revenue,Discount %,Profit
2024-01-01,1038,North,Online,20,1027.16,21.8,$177
2024-01-02,1048,East,Partner,17,991.94,4.3,$174
2024-01-03,1069,South,Retail,22,926.21,15.1,$247
2024-01-04,1083,East,Partner,25,1038.16,4.4,$207
2024-01-05,1074,West,Partner,14,1084.64,8.2,$182
2024-01-06,1030,South,Retail,27,1034.15,13.1,$242
2024-01-07,1074,South,Online,31,873.04,16.5,$233
2024-01-08,1060,North,Partner,27,941.0,23.1,$230
2024-01-09,1042,North,Partner,19,948.66,17.9,$226
2024-01-10,1010,South,Retail,24,1012.17,15.9,$224
2024-01-11,1035,East,Online,29,1030.26,8.1,$240
2024-01-12,1024,West,Retail,20,1065.57,3.8,$229
2024-01-13,1025,South,Partner,22,919.5,18.5,$257
2024-01-14,1082,North,Partner,22,1049.35,11.6,$229
2024-01-15,1053,North,Partner,25,1134.3,10.3,$248
2024-01-16,1072,West,Partner,24,894.6,4.2,$245
2024-01-17,1053,North,Retail,23,1147.21,6.1,$268
2024-01-18,1057,South,Online,25,970.49,19.5,$191
2024-01-19,1016,West,Online,12,961.17,12.0,$192
2024-01-20,1030,North,Retail,22,956.6,23.6,$192
2024-01-21,1022,East,Online,17,980.28,5.5,$234
2024-01-22,1022,West,Online,20,944.25,23.2,$231
2024-01-23,1027,North,Partner,21,929.02,19.5,$164
2024-01-24,1018,South,Online,23,1045.71,20.5,$201
2024-01-25,1022,West,Retail,19,964.28,11.4,$224
2024-01-26,1065,North,Online,25,865.17,2.5,$195
2024-01-27,1006,South,Retail,28,933.44,13.9,$141
2024-01-28,1080,East,Retail,22,876.81,11.3,$188
2024-01-29,1049,East,Partner,8,808.22,5.7,$219
2024-01-30,1043,South,Online,18,938.65,5.7,$197
2024-01-31,1026,North,Partner,24,724.7,5.6,$193
2024-02-01,1001,South,Retail,19,867.06,0.4,$206
2024-02-02,1041,South,Retail,23,729.99,23.9,$184
2024-02-03,1079,South,Retail,19,649.63,10.6,$168
2024-02-04,1087,South,Partner,18,698.95,8.4,$162
2024-02-05,1067,West,Online,19,946.25,0.9,$196
2024-02-06,1040,East,Partner,22,748.72,15.7,$184
2024-02-07,1011,South,Online,21,840.53,23.4,$221
2024-02-08,1081,East,Online,27,808.52,9.4,$216
2024-02-09,1064,North,Partner,19,789.58,1.3,$123
2024-02-10,1027,South,Retail,23,837.31,3.7,$212
2024-02-11,1028,South,Online,20,809.74,22.5,$218
2024-02-12,1006,East,Partner,18,1003.94,20.0,$218
2024-02-13,1035,South,Online,29,904.11,10.4,$163
2024-02-14,1050,South,Retail,30,857.79,4.1,$208
2024-02-15,1017,East,Online,15,1218.58,13.4,$238
2024-02-16,1066,South,Partner,16,932.02,0.6,$251
2024-02-17,1074,West,Partner,20,878.01,15.9,$203
2024-02-18,1012,North,Online,28,993.01,22.3,$176
2024-02-19,1067,East,Online,19,1056.24,2.1,$280
2024-02-20,1028,South,Partner,21,1068.6,23.2,$225
2024-02-21,1010,South,Retail,31,1139.42,6.1,$252
2024-02-22,1030,East,Retail,22,1064.13,13.4,$237
2024-02-23,1012,South,Retail,28,1166.62,8.1,$186
2024-02-24,1007,South,Partner,28,1171.21,15.5,$317
2024-02-25,1052,North,Retail,29,1157.28,16.5,$213
2024-02-26,1060,North,Online,18,930.43,15.8,$227
2024-02-27,1079,East,Partner,20,1074.49,19.8,$300
2024-02-28,1086,South,Online,18,956.05,13.4,$157
2024-02-29,1079,East,Retail,25,1147.28,14.3,$220
2024-03-01,1080,West,Partner,17,905.92,0.8,$183
2024-03-02,1004,East,Retail,17,1272.32,19.4,$284
2024-03-03,1088,North,Retail,20,1116.31,7.1,$280
2024-03-04,1045,South,Retail,17,1083.8,0.0,$293
2024-03-05,1016,East,Partner,13,1041.62,23.4,$177
2024-03-06,1042,North,Online,22,1035.26,20.9,$223
2024-03-07,1055,West,Partner,28,1101.03,23.7,$295
2024-03-08,1030,West,Retail,22,1006.88,9.0,$154
2024-03-09,1040,West,Partner,29,973.18,0.6,$204
2024-03-10,1012,South,Online,36,918.44,5.5,$154
2024-03-11,1071,West,Online,28,913.06,23.4,$215
2024-03-12,1015,North,Online,23,938.73,15.1,$181
2024-03-13,1012,South,Partner,20,944.56,23.1,$161
2024-03-14,1081,South,Partner,32,711.53,24.5,$117
2024-03-15,1030,East,Online,31,900.59,17.7,$236
2024-03-16,1034,South,Online,25,832.03,24.0,$186
2024-03-17,1014,North,Online,22,763.67,19.3,$157
2024-03-18,1088,South,Online,17,770.23,20.9,$149
2024-03-19,1003,South,Partner,31,843.43,11.2,$194
2024-03-20,1081,South,Partner,22,815.43,18.4,$218
2024-03-21,1016,North,Partner,30,829.38,1.0,$219
2024-03-22,1024,South,Partner,25,864.49,24.9,$155
2024-03-23,1013,South,Online,22,828.48,22.3,$187
2024-03-24,1002,East,Retail,21,949.21,12.1,$171
2024-03-25,1064,East,Retail,18,988.48,11.5,$181
2024-03-26,1002,South,Retail,14,1116.94,24.5,$301
2024-03-27,1000,South,Partner,17,1032.67,17.6,$166
2024-03-28,1043,East,Online,24,925.3,24.7,$204
2024-03-29,1010,West,Online,32,1030.64,24.6,$250
2024-03-30,1046,East,Retail,26,995.08,4.6,$238
2024-03-31,1052,West,Partner,23,981.77,21.6,$169
2024-04-01,1020,West,Online,27,1048.91,13.4,$181
2024-04-02,1045,North,Retail,24,1130.68,1.6,$241
2024-04-03,1065,West,Partner,15,1040.85,19.8,$266
2024-04-04,1042,North,Partner,15,1043.61,11.4,$159
2024-04-05,1047,South,Partner,19,1111.7,15.7,$298
2024-04-06,1047,East,Online,25,1046.82,1.1,$206
2024-04-07,1086,East,Retail,26,1159.97,13.4,$218
2024-04-08,1084,North,Retail,15,1159.7,24.5,$286
2024-04-09,1057,East,Partner,23,1025.68,1.1,$209
2024-04-10,1076,North,Online,16,1188.58,2.1,$208
2024-04-11,1051,South,Online,19,1222.57,6.0,$299
2024-04-12,1002,West,Retail,12,1136.66,24.3,$211
2024-04-13,1059,South,Retail,9,1160.83,23.8,$278
2024-04-14,1052,East,Partner,24,1177.75,17.6,$298
2024-04-15,1072,East,Retail,22,967.18,19.2,$263
2024-04-16,1036,West,Retail,22,1202.67,9.5,$279
2024-04-17,1061,East,Retail,17,983.84,2.9,$245
2024-04-18,1026,North,Online,20,1047.61,10.3,$211
2024-04-19,1000,South,Online,20,1071.15,1.0,$170
2024-04-20,1004,South,Retail,25,1026.57,13.3,$170
2024-04-21,1052,North,Retail,21,1093.11,21.4,$253
2024-04-22,1046,South,Online,23,1098.3,8.8,$298
2024-04-23,1007,East,Online,23,881.79,23.7,$145
2024-04-24,1059,West,Partner,21,911.96,6.6,$170
2024-04-25,1027,West,Partner,30,913.81,2.8,$226
2024-04-26,1017,North,Partner,26,945.4,6.0,$239
2024-04-27,1011,North,Retail,20,931.95,8.1,$200
2024-04-28,1042,East,Partner,22,851.51,13.8,$137
2024-04-29,1029,North,Retail,18,1184.45,19.9,$274
2024-04-30,1081,North,Retail,20,953.39,17.2,$185
2024-05-01,1031,East,Partner,22,936.06,22.3,$159
2024-05-02,1053,North,Online,11,1076.74,19.3,$174
2024-05-03,1012,East,Online,21,861.12,24.2,$165
2024-05-04,1074,West,Partner,27,956.46,8.2,$240
2024-05-05,1055,North,Partner,24,803.28,22.3,$163
2024-05-06,1065,South,Online,27,948.06,4.9,$201
2024-05-07,1061,East,Retail,17,892.93,9.6,$200
2024-05-08,1002,West,Retail,23,1075.16,2.9,$214
2024-05-09,1015,North,Partner,23,772.92,16.9,$137
2024-05-10,1054,North,Partner,19,1030.37,1.1,$210
2024-05-11,1027,West,Partner,23,1105.85,2.8,$250
2024-05-12,1069,West,Partner,22,1173.44,3.4,$196
2024-05-13,1076,North,Partner,21,1010.12,5.1,$165
2024-05-14,1053,South,Retail,19,1190.69,8.1,$196
2024-05-15,1034,East,Partner,26,1147.81,21.4,$318
2024-05-16,1030,West,Partner,19,1150.37,12.6,$230
2024-05-17,1051,North,Partner,18,1106.67,16.6,$192
2024-05-18,1028,East,Retail,23,1239.57,13.3,$316
2024-05-19,1083,West,Partner,21,1097.97,15.9,$231
2024-05-20,1001,South,Retail,29,1096.6,3.7,$192
2024-05-21,1024,North,Partner,20,1161.92,21.3,$269
2024-05-22,1030,North,Partner,19,1064.28,4.3,$169
2024-05-23,1088,North,Retail,23,1259.57,9.9,$235
2024-05-24,1026,West,Partner,24,1057.38,20.7,$180
2024-05-25,1053,North,Partner,25,999.38,13.8,$194
2024-05-26,1081,North,Retail,19,1268.59,11.1,$235
2024-05-27,1082,South,Online,36,1163.96,14.9,$310
2024-05-28,1064,North,Online,20,1189.97,18.6,$240
2024-05-29,1006,North,Online,22,1064.33,9.0,$181
2024-05-30,1004,North,Online,26,1117.07,14.4,$184
2024-05-31,1088,South,Online,28,946.34,22.1,$173
2024-06-01,1055,East,Retail,19,1213.4,24.9,$264
2024-06-02,1067,South,Retail,20,1140.67,11.2,$177
2024-06-03,1061,North,Partner,17,987.53,3.0,$168
2024-06-04,1055,South,Online,26,1087.2,0.9,$242
2024-06-05,1060,East,Partner,29,1197.41,4.3,$265
2024-06-06,1031,West,Retail,18,1108.68,7.2,$269
2024-06-07,1053,West,Partner,22,1003.15,6.7,$219
2024-06-08,1015,North,Retail,18,1083.88,13.4,$225
2024-06-09,1070,North,Partner,19,895.6,20.5,$223
2024-06-10,1058,West,Partner,23,866.95,3.3,$222
2024-06-11,1070,West,Online,20,835.25,5.8,$143
2024-06-12,1004,South,Online,26,1109.08,18.5,$187
2024-06-13,1070,East,Retail,23,1034.53,11.3,$286
2024-06-14,1053,West,Retail,24,932.91,12.9,$167
2024-06-15,1048,East,Online,22,1137.57,4.3,$232
2024-06-16,1005,West,Partner,16,943.36,6.3,$148
2024-06-17,1030,North,Online,27,930.13,12.8,$188
2024-06-18,1028,North,Retail,19,1096.17,5.6,$230
2024-06-19,1019,North,Online,30,1022.69,13.5,$199
2024-06-20,1004,North,Online,33,1061.21,2.6,$284
2024-06-21,1083,West,Online,24,1190.49,17.0,$289
2024-06-22,1068,North,Partner,22,1225.39,14.2,$342
2024-06-23,1049,East,Online,20,1126.96,20.2,$278
2024-06-24,1085,North,Retail,25,1115.37,8.2,$206
2024-06-25,1005,South,Partner,23,981.71,20.0,$194
2024-06-26,1029,South,Online,26,1148.6,2.5,$238
2024-06-27,1038,North,Online,25,1098.13,15.0,$273
2024-06-28,1066,South,Online,39,1124.1,22.2,$188
2024-06-29,1026,South,Partner,22,1156.31,24.4,$283
2024-06-30,1060,South,Retail,13,1266.19,17.7,$215
2024-07-01,1053,East,Retail,19,1047.36,17.3,$291
2024-07-02,1068,North,Retail,24,1225.78,13.7,$285
2024-07-03,1038,North,Online,12,1378.91,20.6,$376
2024-07-04,1014,South,Retail,24,1209.2,15.2,$306
2024-07-05,1068,South,Partner,22,1180.09,24.0,$231
2024-07-06,1009,North,Online,20,1314.37,8.0,$340
2024-07-07,1031,West,Retail,25,1353.58,20.0,$274
2024-07-08,1076,West,Online,22,1192.4,8.1,$267
2024-07-09,1021,North,Online,20,1167.52,5.4,$222
2024-07-10,1081,South,Partner,17,1321.27,18.3,$321
2024-07-11,1034,North,Retail,15,1251.7,23.0,$222
2024-07-12,1056,South,Retail,23,1198.42,18.8,$272
2024-07-13,1017,North,Online,25,1393.07,11.1,$387
2024-07-14,1032,South,Retail,17,1176.64,4.0,$257
2024-07-15,1020,West,Online,20,1133.15,8.3,$298
2024-07-16,1083,South,Partner,21,1058.98,10.3,$295
2024-07-17,1050,East,Retail,18,1150.22,22.9,$277
2024-07-18,1087,East,Partner,25,1151.34,22.3,$320
2024-07-19,1085,East,Retail,17,7800.0,1.6,$1916
2024-07-20,1043,North,Partner,19,120.0,14.2,$32
2024-07-21,1080,East,Partner,17,1111.83,21.2,$195
2024-07-22,1080,West,Retail,30,885.18,24.3,$235
2024-07-23,1043,East,Partner,20,919.78,3.6,$142
2024-07-24,1032,North,Retail,21,1002.88,12.5,$206
2024-07-25,1075,East,Retail,20,1029.95,18.2,$249
2024-07-26,1039,East,Retail,20,963.4,8.6,$191
2024-07-27,1085,East,Partner,23,1089.06,8.1,$222
2024-07-28,1085,North,Online,15,873.02,4.7,$152
2024-07-29,1016,West,Retail,23,928.93,13.7,$233
2024-07-30,1059,West,Online,22,1091.55,14.1,$181
2024-07-31,1036,South,Online,31,1054.48,6.0,$222
2024-08-01,1079,East,Online,24,1058.52,2.3,$162
2024-08-02,1014,North,Partner,29,1146.95,8.5,$288
2024-08-03,1040,West,Online,24,1204.31,1.0,$193
2024-08-04,1085,West,Online,13,1119.83,11.3,$296
2024-08-05,1052,East,Online,22,1177.02,9.5,$192
2024-08-06,1044,East,Partner,20,1298.41,10.1,$311
2024-08-07,1028,North,Retail,26,1323.95,13.2,$351
2024-08-08,1079,South,Retail,19,1143.7,5.1,$190
2024-08-09,1064,North,Online,26,1291.16,4.1,$247
2024-08-10,1045,East,Partner,16,1091.45,15.3,$167
2024-08-11,1034,North,Retail,24,1172.88,20.2,$249
2024-08-12,1073,West,Retail,22,1188.91,0.8,$181
2024-08-13,1067,South,Partner,27,1083.3,21.5,$274
2024-08-14,1056,South,Partner,26,1299.13,18.9,$218
2024-08-15,1075,North,Retail,16,1083.95,3.6,$251
2024-08-16,1050,East,Online,16,1357.56,21.2,$239
2024-08-17,1059,West,Retail,22,1248.26,6.1,$346
2024-08-18,1004,East,Partner,21,1217.02,19.8,$300
2024-08-19,1034,North,Online,22,1194.02,9.2,$191
2024-08-20,1003,East,Retail,27,1260.47,13.2,$290
2024-08-21,1050,North,Partner,28,1184.13,19.6,$317
2024-08-22,1057,West,Partner,19,1252.51,10.5,$209
2024-08-23,1082,East,Partner,23,1238.01,1.9,$235
2024-08-24,1034,North,Retail,22,1207.67,13.2,$275
2024-08-25,1063,South,Partner,12,1250.31,15.2,$270
2024-08-26,1039,East,Online,17,1247.37,5.2,$242
2024-08-27,1000,North,Partner,22,1324.84,19.4,$360
2024-08-28,1006,West,Partner,16,1145.14,15.8,$209
2024-08-29,1048,South,Online,17,1183.19,21.6,$247
2024-08-30,1032,West,Retail,24,1040.82,6.6,$271
2024-08-31,1082,West,Online,20,1313.49,14.3,$256
2024-09-01,1011,North,Online,15,1211.31,13.8,$289
2024-09-02,1077,East,Online,26,1046.05,10.3,$213
2024-09-03,1069,South,Retail,31,1207.7,4.3,$308
2024-09-04,1077,East,Retail,20,1113.97,21.5,$251
2024-09-05,1077,South,Partner,18,1075.23,7.4,$214
2024-09-06,1080,South,Retail,24,1176.7,20.7,$300
2024-09-07,1081,West,Retail,25,1163.04,4.4,$212
2024-09-08,1088,North,Online,19,1070.22,3.5,$291
2024-09-09,1021,East,Partner,31,1209.11,14.6,$268
2024-09-10,1003,South,Retail,20,1142.49,3.5,$189
2024-09-11,1064,North,Online,21,1174.6,24.2,$183
2024-09-12,1034,East,Retail,35,1157.18,11.4,$296
2024-09-13,1057,East,Retail,31,1185.92,20.2,$297
2024-09-14,1041,West,Online,28,1123.03,6.4,$265
2024-09-15,1035,East,Online,19,1055.34,21.6,$258
2024-09-16,1006,South,Online,18,1082.31,5.4,$234
2024-09-17,1031,West,Partner,20,1119.91,24.6,$177
2024-09-18,1002,North,Partner,22,1238.79,2.2,$262
2024-09-19,1088,North,Partner,22,1291.31,9.0,$317
2024-09-20,1017,East,Online,17,1056.84,1.6,$211
2024-09-21,1062,South,Partner,20,1234.9,10.7,$297
2024-09-22,1005,South,Partner,21,1230.68,4.7,$224
2024-09-23,1070,West,Retail,21,1452.2,10.4,$278
2024-09-24,1065,South,Retail,28,1158.39,21.6,$282
2024-09-25,1073,West,Online,26,1374.36,12.7,$258
2024-09-26,1047,East,Partner,21,1231.9,18.2,$307
2024-09-27,1044,South,Online,14,1300.7,0.1,$348
2024-09-28,1019,North,Partner,23,1287.53,2.9,$266
2024-09-29,1083,North,Online,19,1395.03,18.0,$332
2024-09-30,1015,West,Partner,14,1338.37,11.1,$256
2024-10-01,1035,South,Partner,16,1407.7,20.0,$300
2024-10-02,1055,North,Partner,30,1283.52,23.3,$253
2024-10-03,1071,North,Online,26,1258.38,18.8,$276
2024-10-04,1016,West,Online,15,1243.98,22.0,$346
2024-10-05,1021,North,Partner,23,1165.28,11.3,$323
2024-10-06,1062,East,Online,30,1472.83,14.6,$302
2024-10-07,1026,North,Partner,19,1328.14,3.8,$319
2024-10-08,1039,West,Partner,15,1533.4,22.3,$394
2024-10-09,1077,South,Online,18,1199.31,16.5,$253
2024-10-10,1071,North,Online,26,1233.11,1.1,$332
2024-10-11,1015,West,Retail,23,1246.16,12.6,$241
2024-10-12,1033,South,Partner,25,1163.66,19.5,$214
2024-10-13,1037,East,Partner,14,1324.12,5.8,$275
2024-10-14,1000,South,Online,17,1195.32,18.3,$292
2024-10-15,1066,North,Retail,19,1237.57,12.8,$333
2024-10-16,1056,North,Online,22,1281.71,20.1,$272
2024-10-17,1050,North,Partner,17,1232.21,1.5,$276
2024-10-18,1003,North,Retail,26,1204.86,2.1,$240
2024-10-19,1039,North,Partner,19,1143.82,6.5,$198
2024-10-20,1024,North,Online,20,1080.12,7.5,$174
2024-10-21,1017,West,Online,26,1145.0,6.5,$283
2024-10-22,1085,North,Partner,21,1220.19,11.5,$206
2024-10-23,1042,South,Online,17,1125.96,23.6,$284
2024-10-24,1083,North,Retail,24,1011.97,5.8,$278
2024-10-25,1052,North,Online,20,1152.2,4.8,$257
2024-10-26,1006,East,Retail,26,1258.75,11.7,$280
2024-10-27,1029,West,Online,26,1083.44,12.6,$258
2024-10-28,1014,South,Partner,17,1196.53,6.4,$281
2024-10-29,1013,North,Online,32,1184.0,12.2,$246
2024-10-30,1062,West,Retail,14,1219.79,6.8,$328
2024-10-31,1010,North,Retail,30,1201.45,14.2,$231
2024-11-01,1057,South,Partner,23,1121.67,2.7,$288
2024-11-02,1015,South,Partner,17,1167.82,14.3,$263
2024-11-03,1028,West,Partner,27,1154.89,20.2,$323
2024-11-04,1014,West,Online,24,1140.49,11.8,$259
2024-11-05,1002,East,Retail,24,1302.07,19.1,$304
2024-11-06,1042,South,Retail,24,1276.3,9.9,$299
2024-11-07,1023,West,Online,26,1398.2,5.2,$323
2024-11-08,1080,West,Partner,24,1252.08,18.3,$215
2024-11-09,1036,West,Partner,19,1199.64,2.6,$284
2024-11-10,1000,East,Retail,18,1374.61,2.8,$304
2024-11-11,1058,North,Partner,12,1515.49,12.3,$375
2024-11-12,1061,North,Partner,20,1476.68,6.9,$413
2024-11-13,1000,South,Retail,27,1472.9,2.4,$380
2024-11-14,1043,South,Partner,25,1302.22,23.7,$364
2024-11-15,1021,West,Partner,26,1346.72,14.7,$327
2024-11-16,1077,North,Retail,25,1644.42,4.3,$263
2024-11-17,1002,East,Retail,25,1355.87,12.5,$306
2024-11-18,1087,South,Partner,17,1393.41,20.7,$327
2024-11-19,1065,East,Partner,19,1395.05,8.3,$345
2024-11-20,1051,North,Partner,17,1411.25,5.7,$332
2024-11-21,1050,South,Partner,18,1462.24,13.3,$373
2024-11-22,1086,North,Partner,19,1441.55,4.2,$318
2024-11-23,1037,North,Online,23,1383.88,7.4,$267
2024-11-24,1029,West,Online,23,1424.93,16.2,$264
2024-11-25,1033,South,Online,18,1279.04,21.7,$218
2024-11-26,1046,West,Partner,11,1277.79,12.3,$345
2024-11-27,1022,South,Online,19,1295.03,24.5,$339
2024-11-28,1081,North,Partner,28,1123.13,16.6,$306
2024-11-29,1004,East,Retail,27,1426.77,18.8,$308
2024-11-30,1046,North,Online,33,1196.9,8.5,$234
2024-12-01,1075,West,Retail,23,1283.36,18.1,$233
2024-12-02,1007,North,Online,26,1168.36,10.3,$267
2024-12-03,1055,East,Online,27,1122.05,5.0,$284
2024-12-04,1001,North,Partner,15,1143.04,1.5,$218
2024-12-05,1001,South,Retail,20,1243.91,9.8,$267
2024-12-06,1031,West,Partner,20,1229.22,3.9,$271
2024-12-07,1046,South,Online,23,1161.16,14.4,$253
2024-12-08,1075,East,Retail,25,1082.15,21.3,$285
2024-12-09,1046,East,Retail,24,1234.42,2.9,$233
2024-12-10,1056,North,Online,29,1233.21,23.3,$255
2024-12-11,1053,West,Retail,18,1084.73,18.1,$222
2024-12-12,1043,West,Partner,22,1187.51,23.2,$312
2024-12-13,1000,North,Online,25,1088.19,21.7,$258
2024-12-14,1060,South,Partner,18,1251.38,14.3,$258
2024-12-15,1043,North,Retail,26,1385.39,21.7,$289
2024-12-16,1035,East,Retail,24,1297.79,2.0,$362
2024-12-17,1049,North,Retail,20,1220.8,19.3,$261
2024-12-18,1046,South,Partner,20,1353.96,6.6,$294
2024-12-19,1085,East,Partner,21,1463.44,2.7,$240
2024-12-20,1044,East,Online,15,1387.17,13.7,$311
2024-12-21,1071,North,Retail,24,1428.91,14.1,$310
2024-12-22,1053,West,Retail,28,1421.73,3.2,$388
2024-12-23,1019,North,Retail,15,1349.28,13.2,$225
2024-12-24,1086,West,Partner,36,1290.17,21.2,$347
2024-12-25,1065,South,Retail,18,1427.45,12.3,$374
2024-12-26,1012,North,Retail,22,1380.35,20.8,$221
2024-12-27,1020,East,Online,17,1517.63,1.0,$230
2024-12-28,1039,West,Online,26,1631.21,8.0,$410
2024-12-29,1059,East,Partner,18,1412.23,4.4,$230
2024-12-30,1007,West,Online,32,1444.36,4.9,$264
2024-12-31,1084,North,Partner,22,1535.98,21.7,$287
2025-01-01,1051,North,Online,24,1545.67,7.0,$382
2025-01-02,1027,North,Online,19,1522.12,4.3,$375
2025-01-03,1048,South,Online,21,1425.51,22.2,$360
2025-01-04,1024,South,Online,29,1347.32,24.2,$272
2025-01-05,1032,South,Retail,23,1471.67,24.6,$306
2025-01-06,1050,South,Retail,27,1369.18,3.1,$363
2025-01-07,1055,North,Retail,18,1362.32,0.5,$285
2025-01-08,1083,North,Retail,27,1309.35,16.4,$261
2025-01-09,1075,South,Online,28,1361.73,23.9,$337
2025-01-10,1044,North,Retail,22,1395.98,11.9,$268
2025-01-11,1011,South,Retail,22,1246.83,16.2,$203
2025-01-12,1083,West,Online,14,1303.56,0.2,$281
2025-01-13,1014,North,Partner,17,1327.07,13.5,$248
2025-01-14,1030,East,Online,23,1438.28,0.7,$251
2025-01-15,1038,East,Online,27,1160.16,7.3,$195
2025-01-16,1081,North,Partner,18,1074.9,3.8,$228
2025-01-17,1046,South,Retail,21,1191.94,12.0,$213
2025-01-18,1045,West,Retail,29,1231.76,3.9,$306
2025-01-19,1052,South,Online,11,1314.62,0.5,$231
2025-01-20,1086,East,Retail,23,1381.21,18.9,$238
2025-01-21,1003,West,Online,25,1180.3,11.1,$290
2025-01-22,1050,South,Online,17,1272.56,20.1,$201
2025-01-23,1044,West,Retail,24,1182.98,15.5,$184
2025-01-24,1034,East,Retail,22,1185.04,12.0,$316
2025-01-25,1066,South,Retail,22,1301.43,19.7,$312
2025-01-26,1061,East,Online,25,1252.88,14.7,$335
2025-01-27,1026,South,Retail,16,1334.22,12.6,$272
2025-01-28,1045,East,Retail,26,1182.93,9.2,$220
2025-01-29,1001,North,Online,29,1269.33,20.8,$355
2025-01-30,1051,West,Retail,25,1416.67,19.4,$284
2025-01-31,1025,South,Partner,29,1392.1,10.3,$297
2025-02-01,1018,North,Partner,22,1487.35,5.8,$283
2025-02-02,1044,South,Partner,17,1505.76,3.6,$354
2025-02-03,1014,West,Retail,25,1325.9,13.0,$256
2025-02-04,1015,West,Retail,22,1520.25,17.8,$408
2025-02-05,1072,South,Retail,14,1621.1,6.8,$388
2025-02-06,1016,South,Partner,22,1485.23,19.4,$357
2025-02-07,1031,South,Retail,19,1558.79,24.2,$329
2025-02-08,1076,West,Online,16,1502.37,5.8,$233
2025-02-09,1032,North,Partner,21,1595.23,0.9,$399
2025-02-10,1076,West,Partner,33,1576.02,24.0,$290
2025-02-11,1035,West,Retail,19,1583.78,7.8,$413
2025-02-12,1039,North,Online,23,1482.32,14.1,$239
2025-02-13,1027,South,Online,22,1356.02,14.8,$285
2025-02-14,1022,East,Partner,29,1581.33,19.7,$267
2025-02-15,1025,West,Retail,24,1456.56,20.7,$240
2025-02-16,1019,West,Online,19,1252.1,9.9,$222
2025-02-17,1063,West,Online,16,1468.3,13.4,$286
2025-02-18,1079,North,Online,21,1404.26,19.8,$340
2025-02-19,1060,North,Retail,20,1448.62,16.2,$244
2025-02-20,1053,South,Partner,28,1477.35,22.7,$255
2025-02-21,1065,East,Retail,18,1399.46,3.1,$275
2025-02-22,1000,East,Partner,21,1476.38,9.7,$411
2025-02-23,1029,North,Retail,23,1335.64,2.8,$224
2025-02-24,1037,East,Partner,28,1507.72,8.3,$262
2025-02-25,1013,West,Retail,25,1247.22,19.3,$207
2025-02-26,1009,West,Online,21,1280.94,22.5,$341
2025-02-27,1081,West,Partner,29,1305.64,11.3,$247
2025-02-28,1067,West,Online,18,1354.87,20.3,$326
2025-03-01,1033,West,Retail,18,1236.44,17.3,$317
2025-03-02,1063,North,Online,26,1129.75,7.0,$280
2025-03-03,1062,West,Online,16,1212.52,6.7,$282
2025-03-04,1075,North,Retail,24,1306.05,20.8,$323
2025-03-05,1085,South,Partner,15,1431.33,3.7,$316
2025-03-06,1004,South,Retail,11,1389.1,5.7,$259
2025-03-07,1083,West,Retail,23,1298.16,0.0,$238
2025-03-08,1082,East,Retail,22,1446.18,13.9,$363
2025-03-09,1032,South,Retail,20,1222.63,6.5,$203
2025-03-10,1037,South,Retail,18,1331.63,4.8,$363
2025-03-11,1085,West,Retail,18,1265.05,19.1,$190
2025-03-12,1079,West,Partner,23,1231.32,21.9,$327
2025-03-13,1078,North,Retail,26,1254.16,17.5,$252
2025-03-14,1008,North,Partner,17,1411.9,18.4,$379
2025-03-15,1022,South,Online,21,1447.26,20.9,$355
2025-03-16,1040,North,Online,26,1332.24,6.8,$307
2025-03-17,1039,East,Online,20,1423.33,20.4,$313
2025-03-18,1066,North,Online,15,1354.83,10.7,$211
2025-03-19,1047,East,Retail,21,1532.7,10.3,$342
2025-03-20,1081,West,Partner,18,1587.77,17.9,$410
2025-03-21,1067,West,Online,23,1577.73,10.0,$419
2025-03-22,1081,North,Online,20,1662.73,14.2,$253
2025-03-23,1059,North,Online,21,1630.36,1.1,$444
2025-03-24,1073,South,Online,18,1693.81,10.1,$416
2025-03-25,1015,East,Retail,32,1635.73,18.8,$266
2025-03-26,1061,South,Retail,35,1585.41,7.9,$301
2025-03-27,1031,North,Retail,13,1449.04,22.4,$309
2025-03-28,1013,South,Online,25,1682.35,2.2,$277
2025-03-29,1079,North,Retail,21,1581.35,15.4,$268
2025-03-30,1047,West,Online,16,1537.32,13.6,$269
2025-03-31,1029,East,Retail,18,1498.92,21.9,$248
2025-04-01,1026,South,Partner,22,1497.71,16.7,$248
2025-04-02,1016,East,Partner,25,1566.45,12.7,$316
2025-04-03,1046,South,Retail,17,1618.06,8.8,$435
2025-04-04,1010,South,Retail,22,1559.95,13.6,$377
2025-04-05,1052,South,Online,10,1422.49,3.2,$234
2025-04-06,1075,South,Retail,30,1445.01,6.2,$317
2025-04-07,1014,West,Partner,15,1499.79,17.7,$260
2025-04-08,1065,East,Retail,18,1534.0,1.3,$347
2025-04-09,1006,West,Online,16,1516.01,3.4,$391
2025-04-10,1050,North,Retail,23,1407.59,14.7,$369
2025-04-11,1003,South,Online,26,1388.06,15.4,$381
2025-04-12,1070,South,Online,21,1492.37,13.3,$334
2025-04-13,1024,North,Online,19,1422.85,14.7,$285
2025-04-14,1041,South,Online,16,1416.9,17.6,$387
2025-04-15,1006,North,Online,20,1274.33,11.4,$275
2025-04-16,1060,North,Partner,17,1387.19,7.6,$256
2025-04-17,1017,East,Online,18,1280.01,19.4,$212
2025-04-18,1089,East,Online,22,1266.27,11.9,$318
2025-04-19,1082,East,Partner,25,1341.66,21.6,$267
2025-04-20,1050,North,Retail,27,1537.42,11.2,$380
2025-04-21,1086,North,Partner,24,1305.52,7.0,$343
2025-04-22,1039,North,Online,21,1380.71,12.6,$314
2025-04-23,1042,North,Partner,18,1313.16,11.7,$268
2025-04-24,1001,North,Partner,19,1408.8,24.2,$290
2025-04-25,1088,West,Retail,27,1276.08,23.3,$207
2025-04-26,1016,West,Online,23,1661.92,0.9,$424
2025-04-27,1072,North,Retail,16,1357.15,13.3,$295
2025-04-28,1066,North,Partner,27,1510.6,8.0,$322
2025-04-29,1020,West,Online,32,1442.58,18.3,$274
2025-04-30,1024,East,Partner,23,1333.86,16.7,$222
2025-05-01,1007,South,Online,23,1442.85,17.4,$348
2025-05-02,1082,South,Partner,20,1430.71,12.2,$232
2025-05-03,1042,North,Partner,21,1557.58,11.0,$250
2025-05-04,1046,East,Retail,25,1638.68,4.5,$408
2025-05-05,1022,East,Retail,22,1420.64,5.3,$250
2025-05-06,1015,South,Retail,21,1567.4,5.7,$260
2025-05-07,1085,West,Retail,27,1485.44,5.3,$296
2025-05-08,1004,North,Retail,16,1721.74,8.6,$382
2025-05-09,1079,East,Retail,29,1595.53,21.1,$379
2025-05-10,1034,West,Retail,21,1590.76,4.4,$352
2025-05-11,1022,North,Partner,28,1598.2,8.5,$353
2025-05-12,1010,South,Partner,24,1741.56,14.0,$361
2025-05-13,1057,East,Online,22,1609.62,3.0,$415
2025-05-14,1016,South,Partner,19,1628.17,20.8,$328
2025-05-15,1048,West,Online,26,1473.69,6.7,$234
2025-05-16,1045,South,Partner,20,1408.47,3.6,$303
2025-05-17,1059,South,Online,23,1580.18,13.6,$287
2025-05-18,1088,West,Online,29,1439.98,5.6,$228
2025-05-19,1078,North,Online,29,1594.18,6.0,$269
2025-05-20,1019,West,Retail,26,1551.1,2.0,$298
2025-05-21,1002,North,Online,24,1537.96,6.8,$420
2025-05-22,1088,South,Retail,20,1510.18,17.1,$336
2025-05-23,1005,South,Online,15,1382.48,11.4,$357
2025-05-24,1088,South,Online,18,1463.65,11.1,$375
2025-05-25,1071,North,Retail,19,1466.13,20.1,$297
2025-05-26,1010,South,Partner,18,1431.39,13.2,$303
2025-05-27,1007,South,Partner,26,1458.23,17.2,$352
2025-05-28,1016,West,Retail,32,1386.26,7.9,$230
2025-05-29,1077,West,Online,22,1324.0,8.7,$268
2025-05-30,1031,East,Partner,25,1402.14,8.2,$314
2025-05-31,1058,West,Retail,19,1288.8,6.9,$231
2025-06-01,1037,West,Partner,30,1274.84,2.7,$201
2025-06-02,1023,South,Retail,25,1319.99,8.2,$207
2025-06-03,1060,North,Online,21,1355.16,7.8,$357
2025-06-04,1062,East,Partner,19,1480.97,16.0,$272
2025-06-05,1034,South,Partner,24,1548.7,5.0,$267
2025-06-06,1047,North,Online,26,1487.0,19.0,$379
2025-06-07,1083,West,Retail,21,1503.83,0.8,$306
2025-06-08,1025,West,Partner,21,1475.41,12.5,$287
2025-06-09,1078,South,Retail,17,1388.73,21.3,$226
2025-06-10,1029,East,Online,16,1437.16,3.4,$262
2025-06-11,1010,East,Partner,16,1390.66,7.6,$298
2025-06-12,1038,West,Online,15,1506.7,18.7,$414
2025-06-13,1032,South,Retail,23,1690.69,2.8,$275
2025-06-14,1070,East,Partner,17,1683.39,24.0,$464
2025-06-15,1031,North,Online,12,1635.49,16.2,$455
2025-06-16,1002,North,Retail,24,1502.92,6.4,$280
2025-06-17,1079,South,Partner,18,1623.12,20.7,$380
2025-06-18,1044,North,Partner,23,1670.86,18.3,$416
2025-06-19,1069,North,Online,23,1605.74,12.6,$326
2025-06-20,1083,South,Partner,20,1748.69,3.2,$371
2025-06-21,1047,East,Partner,23,1522.68,1.7,$292
2025-06-22,1067,North,Retail,28,1704.58,1.8,$400
2025-06-23,1033,West,Partner,25,1755.17,4.3,$374
